"Index","Note ID","Title","Description","Category"
1,"688df0e96b5e6be08f7749f8","wqwe","wewe",""
2,"67d028cd2ce70f63a45545b3","wd","","all"
3,"67cfd422b7b9cde9d1fef4c9","lllllll4545454545dx666666666666","","personal"
4,"67cfd40db7b9cde9d1fef4c3","rgrgrgrgrgrgrg","","all"
5,"67cfd3f3b7b9cde9d1fef4bb","1111111efefefef","asasasasasasasasas","health"
6,"67cfd3e1b7b9cde9d1fef4b5","asasasasas","","all"
7,"67cfd0a0b7b9cde9d1fef471","weeeeeeee","we","shopping"
8,"67cfc5fbb7b9cde9d1fef43a","rg","","all"
9,"67cfc5f6b7b9cde9d1fef436","rg","","all"
10,"67cfc58cb7b9cde9d1fef432","","dds","all"
11,"67cfc57eb7b9cde9d1fef42e","f","","health"
12,"67cfc4c7b7b9cde9d1fef418","555555555","","all"
13,"67cfc0f1b7b9cde9d1fef3fa","gh","","shopping"
14,"67cfc0dab7b9cde9d1fef3f4","h","th","personal"
15,"67cfbed8b7b9cde9d1fef3b1","rgv","rrgvr","shopping"
16,"67c9954d71fd07dce13385e1","uy","","all"
17,"67c994fc71fd07dce13385a8","2w","","all"
18,"67c99470e46cd8d1a2efc25e","1212","","all"
19,"67c9944a70e555ab3ba27855","dws","good helth","all"
20,"67c9944670e555ab3ba27851","wewe","","all"
21,"67c6da0f47eea2c3e9383362","22222222222222222222222222222222222222222222222222222222222222222222211111111111111111111111111111111111111111111111111111111111111111111111222222222222222222222222222222222222222222222222222222","222222222222222222222222222222222222222222222222222222222222222222222222222222222222222222222222222222222222222222222222222w444444444444444444444444444444444444444444444444444444444444444444444444444444444444444444444444444444444","shopping"
22,"67c68b9347eea2c3e9383311","fhhhg","","all"
23,"67c68b8947eea2c3e938330b","cjj","","all"
24,"67c55ac447eea2c3e938324d","4re4re4e4","","all"
25,"67c55ac147eea2c3e9383249","4rse4","","all"
26,"67c55abe47eea2c3e9383245","4srer4","","all"
27,"67c55abc47eea2c3e9383241","sre","","all"
28,"67c55ab947eea2c3e938323d","3wer3","","all"
29,"67c55ab747eea2c3e9383239","3ee","","all"
30,"67c55a4847eea2c3e9383235","rdgt","","all"
31,"67c55a4447eea2c3e9383231","rtrtrt","","all"